question,answer,original_correct_answer
The spectrum is made up of discrete lines representing transitions of the hydrogen electron between specific energy levels within what?,The emission spectrum of hydrogen is discontinuous. The spectrum is made up of discrete lines representing transitions of the hydrogen electron between specific energy levels within the atom.,the atom
Much of the damage from hurricanes may be caused by?,A hurricane is a large storm with high winds and heavy rains. Hurricanes develop from tropical cyclones. They form over warm ocean water. Much of the damage from hurricanes may be caused by storm surge.,storm surge
The electrochemical potential across a membrane determines the tendency of an ion to do what?,The electrochemical potential across a membrane determines the tendency of an ion to cross the membrane. The membrane may be that of a cell or organelle or other sub cellular compartment. The electrochemical potential arises from three factors:.,cross the membrane
What is transferred in an acid-base reaction,"Acid-base reactions involve a transfer of a hydrogen ion instead of an electron. Acid-base reactions, like the one below, are also not redox reactions.",hydrogen ion
What is the physical breakdown of chunks of food into smaller pieces?,Mechanical digestion is the physical breakdown of chunks of food into smaller pieces. This type of digestion takes place mainly in the mouth and stomach.,mechanical digestion
Scientists perform experiments to test their hypotheses because sometimes the nature of natural universe is what?,Scientists perform experiments to test their hypotheses because sometimes the nature of natural universe is not obvious.,not obvious
What makes metals shiny?,Metals are generally shiny. This is because they reflect much of the light that strikes them. The mercury pictured above is very shiny.,light reflection
What are flightless birds that are strong swimmers and spend much of their time in the water?,Penguins are flightless birds that are strong swimmers and spend much of their time in the water.,penguins
What do ecologists study at every level?,"Ecologists study ecosystems at every level, from the individual organism to the whole ecosystem and biosphere. They can ask different types of questions at each level. Examples of these questions are given in Table below , using the zebra ( Equus zebra ) as an example.",ecosystems
"What branch of science is based on the modern atomic theory, which states that all matter is composed of atoms?","Chemistry is based on the modern atomic theory, which states that all matter is composed of atoms.",chemistry
What do nonvascular plants reproduce with?,"Nonvascular plants are low-growing, reproduce with spores, and need a moist habitat.",spores
Chemical reactions involve a transfer of heat energy. measured in what?,Chemical reactions involve a transfer of heat energy. Measured in joules.,joules
"If two populations do not mate and produce fertile offspring, what results?","How do you think scientists test whether two populations are separate species? They bring species from two populations back together again. If the two populations do not mate and produce fertile offspring, they are separate species.",separate species
"Photosynthesis uses solar energy, carbon dioxide, and water to produce energy-storing carbohydrates.what is produced as a waste product?","Figure 8.4 Photosynthesis uses solar energy, carbon dioxide, and water to produce energy-storing carbohydrates. Oxygen is generated as a waste product of photosynthesis.",oxygen
"What is the term for protists that produce spores, such as the toxoplasm?","The sporozoans are protists that produce spores, such as the toxoplasma . These protists do not move at all. The spores develop into new protists.",sporozoans
Where are most of the organs contained in insects?,"Like other arthropods, insects have three body segments and many jointed appendages. The abdomen contains most of the internal organs. Six legs are attached to the thorax. There are several appendages on the insect’s head:.",the abdomen
What disease is unpreventable in the type one form but may be prevented by diet if it is of the second type?,"Type 1 diabetes and other autoimmune diseases cannot be prevented. But choosing a healthy lifestyle can help prevent type 2 diabetes. Getting plenty of exercise, avoiding high-fat foods, and staying at a healthy weight can reduce the risk of developing this type of diabetes. This is especially important for people who have family members with the disease.",diabetes
What pair of tubes that extends toward the ovaries features a fringelike structure that sweeps eggs inside?,Extending from the upper corners of the uterus are the two fallopian tubes. Each tube reaches (but is not attached to) one of the ovaries. The ovary end of the tube has a fringelike structure that moves in waves. The motion sweeps eggs from the ovary into the tube.,fallopian tubes
What do corals secrete that builds up to become a coral reef?,Cnidarians include jellyfish and corals. They are aquatic invertebrates. They have tissues and radial symmetry. They also have tentacles with stingers. There are two cnidarian body plans: the polyp and the medusa. They differ in several ways. Many corals secrete an exoskeleton that builds up to become a coral reef.,exoskeleton
"What is the term for rain that has a ph less than 5, due to carbon dioxide dissolving?","Acid rain is rain that has a pH less than 5 (see Figure below ). The pH of normal rain is 5.6. It’s slightly acidic because carbon dioxide in the air dissolves in rain. This forms carbonic acid, a weak acid.",acid rain
What is the result of a reaction between sulfur trioxide and water?,Sulfur trioxide gas reacts with water to form sulfuric acid. This is an unfortunately common reaction that occurs in the atmosphere in some places where oxides of sulfur are present as pollutants. The acid formed in the reaction falls to the ground as acid rain.,sulfuric acid
The entropy change is positive as the solid state changes into which state?,"The entropy change is positive as the solid state changes into the liquid state. If the transition went from the liquid to the solid state, the numerical value for would be the same, but the sign would be reversed since we are going from a less ordered to a more ordered situation.",liquid
Plants go through seasonal changes after detecting differences in what?,Plants go through seasonal changes after detecting differences in day length.,day length
"The earliest types of what lacked flowers, leaves, roots and stems?","Most modern plants, like the skunk cabbage, produce flowers. However, flowers evolved relatively late in the history of plants. The earliest plants not only lacked flowers. They also lacked leaves, roots, and stems. They probably resembled the alga in Figure below .",plants
An inversion may result when what kind of mass moves over cold ground?,"When a new air mass moves over a region it brings its characteristics to the region. This may change the area's temperature and humidity. Moving air masses cause the weather to change when they contact different conditions. For example, a warm air mass moving over cold ground may cause an inversion.",warm air
Elements with magic numbers of what tend to have more stable isotopes?,Isotopes with magic numbers of protons and/or neutrons tend to be especially stable. Elements with magic numbers of protons tend to have more stable isotopes than elements that do not.,protons
What is another term for scale worms?,"Halkieria, or scale worms, are an example of a fossil life from the Cambrian.",halkieria
What effect causes global winds to blow on a diagonal over the earth's surface?,Global winds occur in belts around the globe. They are caused by unequal heating of Earth’s surface. The Coriolis effect causes global winds to blow on a diagonal over the surface. Unequal heating also causes jet streams high in the troposphere.,coriolis effect
"Bar, circle, and line are examples of what kind of data visualization?","Graphs are very useful tools in science because they display data visually. Three commonly used types of graphs are bar graphs, circle graphs, and line graphs. Each type of graph is suitable for a different type of data.",graphs
Where was the distinction between total distance traveled and displacement first noted?,Discussion Quite a trip (if it survives)! Note that this distance is the total distance traveled by the fly. Displacement is actually zero for complete revolutions because they bring the fly back to its original position. The distinction between total distance traveled and displacement was first noted in One-Dimensional Kinematics.,one-dimensional kinematics
What equals the output power divided by the input power?,; The efficiency equals the output power divided by the input power.,efficiency
All of the stages that a cell goes through make up what?,Cell division is just one of the stages that a cell goes through during its lifetime. All of the stages that a cell goes through make up the cell cycle .,the cell cycle
What measures the force of gravity pulling on an object?,Weight measures the force of gravity pulling on an object. The SI unit for weight is the Newton (N).,weight
Cells with different functions often differ in what physical property?,Cells come in many different shapes. Cells with different functions often have different shapes.,shape
What type of pollution results from the contaminants that enter a waterway or water body through a single site?,"Point source pollution results from the contaminants that enter a waterway or water body through a single site. Examples of this include untreated sewage, wastewater from a sewage treatment plant, and leaking underground tanks.",point source pollution
What paired organs that are part of the urinary system play the prime role in excretion?,"Each of the above organs of excretion is also part of another body system. For example, the large intestine and liver are part of the digestive system, and the lungs are part of the respiratory system. The kidneys are the main organs of excretion. They are part of the urinary system.",kidneys
"What kind of cells have positive cell potentials, and all the reduction reactions are reversible?","Galvanic cells have positive cell potentials, and all the reduction reactions are reversible. The reaction at the anode will be the half-reaction with the smaller or more negative standard reduction potential. Reversing the reaction at the anode (to show the oxidation) but not its standard reduction potential gives: Anode (oxidation):.",galvanic cells
What consists of thylakoid membranes surrounded by stroma?,A chloroplast consists of thylakoid membranes surrounded by stroma. The thylakoid membranes contain molecules of the green pigment chlorophyll.,a chloroplast
What occurs when two free radicals come in contact with each other?,Termination occurs whenever two free radicals come in contact with one another (not shown). The two free electrons form a covalent bond and the free radical on each molecule no longer exists.,termination
What part of the body does the mycobacterium tuberculosis bacterium usually attack?,"This bacterium, called Mycobacterium tuberculosis , causes the disease Tuberculosis (TB). These bacteria usually attack the lungs. If left untreated, the infection can be fatal. Many other illnesses, mild and severe, are also caused by certain types of bacteria.",lungs
We would genetically be all the same if genes did not have different what?,"Chromosome, gene, locus and alleles are all related. What is the different between a gene and a locus? Between a gene and an allele? Chromosomes are composed of genes located at specific loci. And genes have different alleles. If genes did not have different alleles, we would genetically be all the same. What does that mean?.",alleles
What happens when a cell takes in substances through its membrane?,"Other animal-like protists must ""swallow"" their food through a process called endocytosis . Endocytosis happens when a cell takes in substances through its membrane. The process is described below:.",endocytosis
The process of producing mature sperm is called what?,The process of producing mature sperm is called spermatogenesis . Sperm are produced in the seminiferous tubules of the testes and become mature in the epididymis . The entire process takes about 9 to 10 weeks. You can watch an animation of spermatogenesis at this link: http://wps. aw. com/bc_martini_eap_4/40/10469/2680298. cw/content/index. html .,spermatogenesis
The yellowstone hot spot is a famous example of a what?,"Hot spots are found within continents, but not as commonly as within oceans. The Yellowstone hot spot is a famous example of a continental hot spot.",continental hot spot
What is the only animal phyla that does not consist exclusively of invertebrates?,"Except for the chordates, all animal phyla consist only of invertebrates.",chordates
What type of energy is the energy of moving matter?,"Kinetic energy is the energy of moving matter. Anything that is moving has kinetic energy—from atoms in matter to stars in outer space. Things with kinetic energy can do work. For example, the spinning saw blade in the photo above is doing the work of cutting through a piece of metal.",kinetic energy
The cytoplasm divides during what stage of the cell cycle?,"3. The third step is the division of the rest of the cell. This is called cytokinesis, as it is in a prokaryotic cell. During this step, the cytoplasm divides, and two daughter cells form.",cytokinesis
What are biochemical catalysts that speed up biochemical reactions?,"Enzymes are biochemical catalysts that speed up biochemical reactions. Without enzymes, most chemical reactions in living things would occur too slowly to keep organisms alive.",enzymes
Which nerve carries electrical signals from the rods and cones to the brain?,The optic nerve carries electrical signals from the rods and cones to the brain.,optic
What is it called when plant roots absorb liquid water and release water vapor into the atmosphere?,Liquid water is taken up by plant roots. The plant releases water vapor into the atmosphere. This is transpiration.,transpiration
"In humans, a zygote has how many chromosomes?","Upon fertilization a diploid zygote is formed. In humans, a zygote has 46 chromosomes, 23 inherited from each parent. The gametes, sperm and eggs, are haploid cells, with 23 chromosomes each.",46
"Smooth, cardiac, and skeletal are all types of what?","The three types of muscles in the body include skeletal muscle, smooth muscle, and cardiac muscle.",muscle
Who built the first telescope?,Humans have been making and using magnifying lenses for thousands of years. The first telescope was built by Galileo in 1608. His telescope used two lenses to make distant objects appear both nearer and larger.,galileo
"Bromide is present in brines, which are naturally occurring solutions of what?","chlorine is added to an aqueous solution of bromide. iodine crystals are added to a solution of potassium bromide. Bromide is present in naturally occurring salt solutions called brines. Based on your answers, propose an effective method to remove bromide from brine.",salt
The bird ancestor that lived in trees developed what feature commonly associated with birds?,"Wings evolved in a bird ancestor that lived in trees. Thus, wings are modified arms that helped the animal glide from branch to branch.",wings
"Timber, medicines, dyes, oils, and rubber are just some of the useful products humans derive from what?","Plants provide many products for human use. They include timber, medicines, dyes, oils, and rubber.",plants
"What process is at work when warm air or water rises, and cool air or water sinks?","Warmer, lighter air is more buoyant than the cooler air above it. So the warm air rises. The cooler air is denser than the air beneath it. So it sinks down. This is convection: warm air rises, and cool air sinks. Warm fluids can undergo convection as well. This is described in the chapter Plate Tectonics .",convection
What do we call the cartilaginous structure that surrounds the notochrod?,"distinctly differ from the adult form, spending 3 to 15 years as suspension feeders. Once they attain sexual maturity, the adults reproduce and die within days. Lampreys possess a notochord as adults; however, this notochord is surrounded by a cartilaginous structure called an arcualia, which may resemble an evolutionarily early form of the vertebral column.",arcualia
What is another term for hydraulic fracturing?,"Hydraulic fracturing, known as fracking, is a relatively new method for extracting natural gas. Fracking may be linked to groundwater contamination and small earthquakes in non-seismic regions.",fracking
What can lenses be used to make?,"Lenses can be used to make visual representations, called images .",visual representations
An experiment generates what to support a hypothesis?,A field goal kicker lines up to kick a 44 yard (40 m) field goal. He kicks it with an initial velocity of 22 m/s at an angle of . The field goal posts are 3 meters high. Does he make the field goal?.,evidence
What is the main component of phytoplankton?,"Algae play significant roles as producers in aquatic ecosystems. Microscopic forms live suspended in the water column. They are the main component of phytoplankton. As such, they contribute to the food base of most marine ecosystems.",algae
What are magnetites naturally attracted to?,Magnetite naturally attracts iron nails and filings. Its natural magnetism was discovered thousands of years ago.,iron
An endocrine disease usually involves the secretion of too much or not enough of what?,"Diseases of the endocrine system are relatively common. An endocrine disease usually involves the secretion of too much or not enough hormone. When too much hormone is secreted, it is called hypersecretion . When not enough hormone is secreted, it is called hyposecretion .",hormone
Where do most biochemical reactions take place?,Most biochemical reactions take place within cells. Cells are the microscopic building blocks of organisms.,within cells
After a massive eruption what will a mountain collapsing above an empty chamber create?,"During a massive eruption all of the material may be ejected from a magma changer. Without support, the mountain above the empty chamber may collapse. This produces a huge caldera . Calderas are generally round, bowl-shaped formations like the picture in Figure below .",caldera
What protists absorb food molecules across their cell membranes?,Absorptive protists absorb food molecules across their cell membranes. This occurs by diffusion . These protists are important decomposers.,absorptive
What are the special mating behaviors in birds called?,"Birds reproduce sexually and have separates sexes. Fertilization occurs internally, so males and females must mate. Many bird species have special behaviors, such as unique songs or visual displays, for attracting mates. These special behaviors are called courtship. The white peacock in Figure below is putting on a stunning display of his amazing tail feathers to court a mate.",courtship
What refers to the ability to change or move matter and is required by all life processes and living things?,"Energy is the ability to change or move matter. All life processes require energy, so all living things need energy.",energy
What is the name of the major sex hormone in females?,Two functions of the female reproductive system are producing eggs and secreting estrogen. Eggs are female gametes. Estrogen is the major sex hormone in females. The female reproductive system also supports a developing fetus and gives birth to an infant.,estrogen
An amide bond joining two amino acid units is called a what?,An amide bond joining two amino acid units is called a peptide bond. Note that the product molecule still has a reactive amino group on the left and a reactive carboxyl.,peptide bond
"Ice masses, acquifers, and the deep ocean are examples of water what?","The atmosphere is an exchange pool for water. Ice masses, aquifers, and the deep ocean are water reservoirs.",reservoirs
What is the process of removing wastes and excess water from the body?,"Excretion is the process of removing wastes and excess water from the body. It is one of the major ways the body maintains homeostasis. Organs of excretion make up the excretory system. They include the kidneys, large intestine, liver, skin, and lungs.",excretion
"Three ways that waves may interact with matter are reflection, refraction, and what?","Three ways that waves may interact with matter are reflection, refraction, and diffraction.",diffraction
Eight of the hottest years on record have occurred since what year?,"Since the mid 1800s, Earth has warmed up quickly. Look at Figure below . The 14 hottest years on record have all occurred since 1900. Eight of them have occurred since 1998! This is what is usually meant by global warming .",1998
Scientists can use what tool to determine an earthquake's strength?,"Seismograms record earthquake strength. Scientists can use them to determine the distance to an earthquake. Using at least three seismograms, they can locate the earthquake's epicenter. Scientists measure earthquake intensity in several ways. So far no one has found a way to predict earthquakes.",seismogram
What is the organ system that brings oxygen into the body and releases carbon dioxide?,organ system that brings oxygen into the body and releases carbon dioxide into the atmosphere.,lungs
What are the special compartments that are surrounded by membranes inside eukaryotic cells called?,"Eukaryotic cells contain special compartments surrounded by membranes, called organelles. For example, notice in this image the mitochondria, lysosomes, and Golgi apparatus.",organelles
What is the term for the number of waves that pass a fixed point in a given amount of time?,Wave frequency is the number of waves that pass a fixed point in a given amount of time. Higher frequency waves have more energy. Wave speed is calculated as wavelength multiplied by wave frequency. Wave speed is affected by the medium through which a wave travels.,wave frequency
What lies between the continental shelf and the abyssal plain?,The continental slope lies between the continental shelf and the abyssal plain. It has a steep slope with a sharp drop to the deep ocean floor.,continental slope
What do the external female reproductive structures are collectively referred to?,"The external female reproductive structures are referred to collectively as the vulva . They include the labia (singular, labium ), which are the “lips” of the vulva. The labia protect the vagina and urethra, both of which have openings in the vulva.",vulva
"Kidneys, large intestine, liver, skin, and lungs comprise which system?","Organs of excretion make up the excretory system. They include the kidneys, large intestine, liver, skin, and lungs.",excretory system
"Parasites usually harm their hosts (or they wouldn't be parasites), but what do they usually stop short of doing?","Some parasites kill their host, but most do not. It’s easy to see why. If a parasite kills its host, the parasite may also die. Instead, parasites usually cause relatively minor damage to their host.",killing their host
How are bacteria cells similar to our cells?,"Yes and no. Bacteria cells are similar to our cells in some ways. Like our cells, bacteria cells have DNA and a plasma membrane. But bacteria are unique in other ways. They are called prokaryotic cells because of these differences.",dna & plasma membrane
What exactly happens during rna translation?,"Translation is the RNA → protein part of the central dogma. It occurs at a ribosome. During translation, a protein is synthesized using the codons in mRNA as a guide. All three types of RNA play a role in translation.",protein is synthesized
Fertilization occurs when an egg and sperm come together to form a what?,Fertilization occurs when an egg and sperm come together to form a zygote.,zygote
What part of the body do fish use to absorb oxygen?,"In order to absorb oxygen from the water, fish use gills ( Figure below ). Gills take dissolved oxygen from water as the water flows over the surface of the gill.",gills
The movement of bone away from the midline of the body is called what?,The movement of bone away from the midline of the body is called ________. circumduction b. extension c. adduction d. abduction.,extension
Which state of matter is characterized by molecules with minimal movement and strong forces between them?,"Three main types of particles that make up all atoms are protons, neutrons, and electrons.",solid
What is the term for the number that describes an electron's orbital orientation in space?,"The magnetic quantum number , signified as , describes the orbital orientation in space. Electrons can be situated in one of three planes in three dimensional space around a given nucleus and . For a given value of the angular momentum quantum number , there can be values for . As an example:.",magnetic quantum number
Name an important natural resource in and of itself.,"It’s obvious that living things are important natural resources needed by human beings. After all, other species provide us with all of the food we eat. We couldn’t survive without them. But that’s far from the only reason that other species are important for human survival. Biodiversity is an important natural resource in and of itself.",biodiversity
How did a vascular let plants grow?,The evolution of vascular tissue revolutionized the plant kingdom. Vascular tissue greatly improved the ability of plants to absorb and transfer water. This allowed plants to grow larger and taller. They could also liver in drier habitats and survive periods of drought. Early vascular plants probably resembled the fern in Figure below .,they could grow taller
The major cause of outdoor air pollution is the burning of?,The major cause of outdoor air pollution is the burning of fossil fuels.,fossil fuels
"Two smaller isotopes, more neutrons, and heat energy are the products of what type of reaction?","Nuclear fission reactions involve collision of a slow neuron with an element, usually uranium. The products of a fission reaction are two smaller isotopes, more neutrons, and heat energy.",fission
What do you call mixtures of ash and water that travel down river valleys?,"Lahars are mixtures of ash and water that travel down river valleys. On Mount St. Helens, the eruption melted glaciers. The water mixed with ash from the eruption and created tremendous lahars. The lahars raced down valleys and knocked out many bridges.",lahars
Which part of the nerve cell helps transmit nerve impulses?,"Note that like most other cells, these nerve cells have a nucleus. They also have other organelles. However, the long, threadlike extensions of the nerve cells are unique. This is where the nerve impulses are transmitted.","long, threadlike extensions"
Convection in which part of the earth drives the movement of the plates of lithosphere over the earth’s surface?,Convection in the mantle drives the movement of the plates of lithosphere over the Earth’s surface. New oceanic crust forms at the ridge and pushes the older seafloor away from the ridge horizontally.,mantle
What is the atomic number of magnesium?,REVIEW QUESTIONS 2. Magnesium has an atomic number of 12. Which of the following statements is true of a neutral magnesium atom? a.,12
What term is used to describe the full range of electromagnetic waves?,"Electromagnetic waves vary in their wavelength, frequency, and energy. The full range of electromagnetic waves makes up the electromagnetic spectrum.",electromagnetic spectrum
"What layer covers the bones that make them look tough, shiny, and white?","Bones look tough, shiny, and white because they are covered by a layer called the periosteum . Many bones also contain a soft connective tissue called bone marrow in the pores of the spongy bone. Bone marrow is where blood cells are made.",periosteum
Some compounds form rigid frameworks called what?,Some compounds form rigid frameworks called crystals. Other compounds form individual molecules. A molecule is the smallest particle of a compound that still has the compound’s properties.,crystals
What is the term for genes that control the expression of other genes within specific regions of cells in the developing organism?,Gap genes control the expression of other genes within specific regions of cells in the developing organism. This allows specific genes to be expressed in certain cells at the appropriate stage of development.,gap genes
What's the term for a piece of an organism breaking off and forming a new organism?,"Fragmentation occurs when a piece breaks off from a parent organism. Then the piece develops into a new organism. Sea stars, like the one in Figure below , can reproduce this way. In fact, a new sea star can form from a single “arm. ”.",fragmentation
"Aquatic producers need nutrients and what dissolved gas, which is more abundant near the surface of water?","In addition to sunlight, aquatic producers also need dissolved oxygen and nutrients. Water near the surface generally contains more dissolved oxygen than deeper water. Many nutrients enter the water from the land. Therefore, water nearer shore usually contains more dissolved nutrients than water farther from shore.",oxygen
What are small organelles and are the site of protein synthesis called.,Ribosomes are small organelles and are the site of protein synthesis. They are found in all cells.,ribosomes
"When the nucleus divides, the two chromatids that make up each chromosome separate from each other and move to opposite poles of the cell during this process?","During mitosis , when the nucleus divides, the two chromatids that make up each chromosome separate from each other and move to opposite poles of the cell. This is shown in Figure below . You can watch an animation of the process at the following link: http://www. biology. arizona. edu/Cell_bio/tutorials/cell_cycle/MitosisFlash. html .",mitosis
What do we call the mathematical field of study credited to french mathematician-philosopher rene descartes?,"The plot that we know of as a graph was the brainchild of the French mathematician-philosopher Rene Descartes (1596-1650). His studies in mathematics led him to develop what was known as “Cartesian geometry”, including the idea of our current graphs. The coordinates are often referred to as Cartesian coordinates.",cartesian geometry
"What results when volcanic ash encircles the globe, blocking the sun and lowering the temperature of the entire planet?","Supervolcanoes are the most dangerous type of volcano. During an eruption, enormous amounts of ash are thrown into the atmosphere. The ash encircles the globe. This blocks the Sun and lowers the temperature of the entire planet. The result is a volcanic winter.",volcanic winter
What structure of a cell is enclosed by a membrane and contains most of the cell’s dna?,"Besides the four parts listed above, many cells also have a nucleus. The nucleus of a cell is a structure enclosed by a membrane that contains most of the cell’s DNA. Cells are classified in two major groups based on whether or not they have a nucleus. The two groups are prokaryotic cells and eukaryotic cells.",nucleus
What are broad explanations that are widely accepted as true?,Scientific theories are broad explanations that are widely accepted as true. This is because they are supported by a great deal of evidence.,scientific theories
Geologists group rocks based on how they what?,Geologists group rocks based on how they form. There are three major rock types. Each will be described in more detail in the coming concepts.,form
Ticks spread bacteria that causes what condition?,Bacterial Disease Vectors. Ticks spread bacteria that cause Lyme disease. Deerflies spread bacteria that cause tularemia.,lyme disease
Water leaves ponds and lakes through evaporation and also as what?,Ponds and lakes may get their water from several sources. Some falls directly into them as precipitation. Some enters as runoff and some from streams and rivers. Water leaves ponds and lakes through evaporation and also as outflow.,outflow
"Soluble minerals and clays accumulate in what soil layer, allowing it to hold more water?","Below the topsoil is the “B” horizon. This is also called the subsoil . Soluble minerals and clays accumulate in the subsoil. Because it has less organic material, this layer is lighter brown in color than topsoil. It also holds more water due to the presence of iron and clay. There is less organic material in this layer.",subsoil
What type of microscope is used to see extremely small objects?,"Light microscopes continued to improve and are still used today. However, to see extremely small objects, a different type of microscope, such as an electron microscope, must be used.",electron microscope
What is the study of energy and how it interacts with matter?,"Physics is the study of energy and how it interacts with matter. Important concepts in physics include motion, forces such as magnetism and gravity, and different forms of energy. Physics concepts can answer all the questions on the right page of the notebook in Figure above .",physics
What is it called when rays focus at different distances from the lens?,Figure 26.30 Spherical aberration is caused by rays focusing at different distances from the lens.,spherical aberration
What serves as the control center of the nervous system?,"The brain serves as the control center of the nervous system and the body as a whole. It lets us understand what we see, hear, or sense in other ways. It allows us to learn, think, remember, and use language. It controls all the organs and muscles in our body.",brain
"Most arthropods are insects. the phylum also includes spiders, centipedes, and what?","Most arthropods are insects. The phylum also includes spiders, centipedes, and crustaceans.",crustaceans
What is the region known as the myelencephalon in the embryonic brain?,"Medulla The medulla is the region known as the myelencephalon in the embryonic brain. The initial portion of the name, “myel,” refers to the significant white matter found in this region—especially on its exterior, which is continuous with the white.",medulla
A pulley changes the direction of the force t exerted by the cord without changing its what?,"automobile axle drives a wheel, which has a much larger diameter than the axle. The MA is less than 1. (c) An ordinary pulley is used to lift a heavy load. The pulley changes the direction of the force T exerted by the cord without changing its magnitude. Hence, this machine has an MA of 1.",magnitude
What term is used to describe organelles that are found only in animal cells?,Centrioles are organelles that are found only in animal cells. They are located near the nucleus. They help organize the DNA in the nucleus before cell division takes place. They ensure that the DNA divides correctly when the cell divides.,centrioles
Applying a pressure greater than the osmotic pressure of a solution will do what?,Figure 11.26 Applying a pressure greater than the osmotic pressure of a solution will reverse osmosis. Solvent molecules from the solution are pushed into the pure solvent.,reverse osmosis
What is the tectonic zone called where two plates come together?,Describe and explain volcanic activity that occurs within oceanic and continental plates.,convergent boundary
What atoms make up a water molecule?,Water is a compound that forms molecules. Each water molecule consists of two atoms of hydrogen (white) and one atom of oxygen (red).,hydrogen and oxygen
Light waves which interfere with themselves after interaction with a small aperture or target are said to what?,Waves are characterized by their ability to constructively and destructively interfere . Light waves which interfere with themselves after interaction with a small aperture or target are said to diffract .,diffract
What property of warm air causes it to rise above cold air?,"The warm-air vent is placed near the floor of the room. Warm air is less dense than cold air so it rises. If the warm-air vent were placed near the ceiling instead, how would this affect the transfer of thermal energy throughout the room?.",lower density
Worms grow to adult size without going through what stage?,"In some species, the same individual produces both sperm and eggs. But worms mate to exchange sperm, rather than self-fertilizing their own eggs. Fertilized eggs are deposited in a mucous cocoon. Offspring emerge from the cocoon looking like small adults. They grow to adult size without going through a larval stage.",larval
What does the pull of the moon's gravity on earth cause?,"Figure below shows why tides occur. The main cause of tides is the pull of the Moon’s gravity on Earth. The pull is greatest on whatever is closest to the Moon. Although the gravity pulls the land, only the water can move. As a result:.",tides
What historical event taught people that soil could be lost by plowing and growing crops and encouraged new methods to prevent erosion?,The Dust Bowl taught people that soil could be lost by plowing and growing crops. This led to the development of new ways of farming that help protect the soil. Some of the methods are described in Figure below .,the dust bowl
What do you call cellular respiration that does not need oxygen to proceed?,"Scientists think that glycolysis evolved before the other stages of cellular respiration. This is because the other stages need oxygen, whereas glycolysis does not, and there was no oxygen in Earth’s atmosphere when life first evolved about 3.5 to 4 billion years ago. Cellular respiration that proceeds without oxygen is called anaerobic respiration .",anaerobic respiration
"When a liquid is heated, molecules with enough kinetic energy escape the liquid and become what?",Kinetic energy distribution curves for a liquid at two temperatures T 1 and T 2 . The shaded area is the molecules with enough kinetic energy to escape the liquid and become vapor.,vapor
What part of the cell in plants and algae does photosynthesis take place?,organelle in the cells of plants and algae where photosynthesis takes place.,organelles
What type of structures evolved to do the same job by unrelated organisms?,"Scientists compare the anatomy, embryos, and DNA of living things to understand how they evolved. Evidence for evolution is provided by homologous structures. These are structures shared by related organisms that were inherited from a common ancestor. Other evidence is provided by analogous structures. These are structures that unrelated organisms share because they evolved to do the same job.",analogous structures
The structures of both trifluoramine and hydroxylamine are similar to that of what?,The structures of both trifluoramine and hydroxylamine are similar to that of ammonia.,ammonia
"All cells have certain parts in common. these parts include the cell membrane, cytoplasm, dna, and what?","All cells have certain parts in common. These parts include the cell membrane, cytoplasm, DNA, and ribosomes.",ribosomes
What are most protist diseases in humans caused by?,Most protist diseases in humans are caused by protozoa. Protozoa make humans sick when they become human parasites.,protozoa
What type of treatment is necessary for anaphylaxis?,"In some people, a food allergy can trigger a severe allergic reaction called anaphylaxis. Emergency treatment is critical for anaphylaxis. Untreated, anaphylaxis can cause a coma or death. Anaphylaxis is vary rare. The vast majority of people will never have an anaphylactic reaction. The life-threatening symptoms of anaphylaxis include:.",emergency
Motion of water molecules helps break up interactions between what?,Motion of water molecules helps break up interactions between solid ions or molecules.,solid ions or molecules
"What is the name for the division of the cytoplasm in eukaryotic cells, resulting in two genetically identical daughter cells?","The second major step is cytokinesis. As in prokaryotic cells, the cytoplasm must divide. Cytokinesis is the division of the cytoplasm in eukaryotic cells, resulting in two genetically identical daughter cells.",cytokinesis
What third property is different if two boxes have the same volume but one has greater mass?,"A: Both boxes have the same volume because they are the same size. However, the books have greater mass than the feathers. Therefore, the box of books has greater density.",density
"What is the clear, protective covering on the outside of the eye?","First, light passes through the cornea of the eye. The cornea is a clear, protective covering on the outside of the eye.",cornea
Where do extrusive igneous rocks cool at?,Extrusive igneous rocks cool at the surface. Volcanoes are one type of feature that forms from extrusive rocks. Several other interesting landforms are also extrusive features. Intrusive igneous rocks cool below the surface. These rocks do not always remain hidden. Rocks that formed in the crust are exposed when the rock and sediment that covers them is eroded away.,surface
The combined magnetic force of the magnetized wire coil and iron bar makes an electromagnet what?,The combined magnetic force of the magnetized wire coil and iron bar makes an electromagnet very strong.,very strong
The magnitude of the momentum vector is the product of what two properties?,Momentum is a vector that points in the direction of the velocity vector. The magnitude of this vector is the product of mass and speed.,mass and speed
What occurs when light reflects off a very smooth surface and forms a clear image?,Regular reflection occurs when light reflects off a very smooth surface and forms a clear image. Diffuse reflection occurs when light reflects off a rough surface and forms a blurry image or no image at all.,regular reflection
"What term indicates moles per liter, whereas molality is moles per kilogram of solvent?","A N SW E R S 1. Molarity is moles per liter, whereas molality is moles per kilogram of solvent.",molarity
What tissue consists of cells that form the body’s structure?,"Connective tissue consists of cells that form the body’s structure. Examples include bone and cartilage, which protect and support the body. Blood is also a connective tissue. It circulates and connects cells throughout the body.",connective
"What state of matter is characterized by tiny particles separated by large distances, which do not experience any force of attraction or repulsion with each other?","Gases are composed of tiny particles that are separated by large distances. Gas particles are constantly moving, experiencing collisions with other gas particles and the walls of their container. The velocity of gas particles is related to the temperature of a gas. Gas particles do not experience any force of attraction or repulsion with each other.",gas
What do sharks use to secrete salt to assist in osmoregulation?,animals exposed to similar levels of urea. Sharks are cartilaginous fish with a rectal gland to secrete salt and assist in osmoregulation.,rectal gland
"In naming ternary compounds, which type of particle is stated first?","Ternary compounds are named by stating the cation first, followed by the anion.",cation
What type of invertebrates are jellyfish and corals known as?,"Cnidarians are invertebrates such as jellyfish and corals. They belong to Phylum Cnidaria. All cnidarians are aquatic. Most of them live in the ocean. Cnidarians are a little more complex than sponges. Besides specialized cells, they have tissues and radial symmetry. There are more than 10,000 cnidarian species, see Figure below .",cnidarians
What is the most common cause of hearing loss?,Many activities expose people to dangerously loud sounds that can cause hearing loss.,loud sounds
What type of current do generators in cars use?,Generators may be set up to produce either alternating or direct current. Generators in cars and most power plants produce alternating current.,alternating current
Underground rock in a molten state is called?,A: It is always very hot deep underground where molten rock originates. The high temperatures give rock enough energy to melt and remain in a molten state. Underground rock in this state is called magma.,magma
Decreasing the volume of a gas and keeping everything else the same will cause its pressure to change in what way?,"When gas molecules bump into things, it creates pressure. Pressure is greater when gas molecules occupy a smaller space, because greater crowding results in more collisions. This explains why decreasing the volume of a gas increases its pressure.",increase
What is the main function of the cardiovascular system?,"The main function of the cardiovascular system is transporting substances around the body. Figure above shows some of the substances that are transported in the blood. They include hormones, oxygen, nutrients from digested food, and cellular wastes. Transport of all these materials is necessary to maintain homeostasis of the body and life itself.",transporting substances around the body
What type of butterfly do birds avoid eating since it makes them sick?,"Many birds learn to avoid eating monarch butterflies, like the one pictured in Figure below . Monarch butterflies taste bad and make birds sick. In this case, the behavior is learned because it is punished with a nasty taste and illness.",monarch butterflies
"Population growth is determined by rates of birth, death, immigration, and what else?","Population growth is determined by rates of birth, death, immigration, and emigration.",emigration
Energy resources can be put into two categories — renewable or?,Energy resources can be put into two categories — renewable or non-renewable. Nonrenewable resources are used faster than they can be replaced. Renewable resources can be replaced as quickly as they are used. Renewable resources may also be so abundant that running out is impossible.,nonrenewable
What is it called when a new species arises without geographic separation?,"Less often, a new species arises without geographic separation. This is called sympatric speciation . The following example shows one way this can occur.",sympatric speciation
What is the force pushing a rocket called?,Most halogens have a variety of important uses. A few are described in the Table below .,thrust
What do we call the seasonal movement of animals?,"Monarch butterflies gather in large groups as they migrate 2,500 miles south each fall. They return to the north in the spring. This migration is a cycle that repeats every year.",migration
What substances digest the food in the vacuole of an ingestive protist?,"Ingestive protists ingest, or engulf, bacteria and other small particles. They extend their cell wall and cell membrane around the food item, forming a food vacuole. Then enzymes digest the food in the vacuole.",enzymes
What is the leading cause of lung cancer?,"Tobacco smoke contains dozens of carcinogens, including nicotine and formaldehyde. Exposure to tobacco smoke is the leading cause of lung cancer.",tobacco smoke
What term is used describe energy released during an earthquake?,For decades scientists have had equipment that can measure earthquake magnitude. The earthquake magnitude is the energy released during the quake.,magnitude
Which is larger: the human sperm or the human egg?,A human sperm is a tiny cell with a tail. A human egg is much larger. Both cells are mature haploid gametes that are capable of fertilization. What process is shown in this photograph?.,human egg
What is a measurement of the amount of variation of the species in a given area called?,"Biodiversity is a measurement of the amount of variation of the species in a given area. More specifically, biodiversity can be defined as the variety of life and its processes, including the variety of living organisms, the genetic differences among them, and the communities and ecosystems in which they occur.",biodiversity
What is the second most common type of cancer in both men and women?,"In both men and women, the second most common type of cancer is lung cancer. Most cases of lung cancer develop in people who smoke.",lung
What is the predicted year that as many as half of all remaining species could go extinct?,"Evidence shows that a sixth mass extinction is happening right now. Species are currently going extinct at the fastest rate since the dinosaurs died out. Dozens of species are going extinct every day. If this rate continues, as many as half of all remaining species could go extinct by 2050.",2050
"What body system consists of organs that break down food, absorb nutrients, and eliminate waste?","The digestive system consists of organs that break down food, absorb nutrients, and eliminate waste.",digestive system
The similarity in biochemical compounds between living things provides evidence for the evolution of species from what?,Biochemical compounds are carbon-based compounds that are found in living things. The similarity in biochemical compounds between living things provides evidence for the evolution of species from common ancestors.,common ancestors
What is in the inside of your mouth and nose instead of skin?,"The mouth and nose are not lined with skin. Instead, they are lined with mucous membranes . Other organs that are exposed to the outside world, including the lungs and stomach, are also lined with mucous membranes. Mucous membranes are not tough like skin, but they have other defenses.",mucous membranes
"Which theorem states that, if a population meets certain conditions, it will be in equilibrium?","The Hardy-Weinberg theorem states that, if a population meets certain conditions, it will be in equilibrium. In an equilibrium population, allele and genotype frequencies do not change over time. The conditions that must be met are no mutation, no migration, very large population size, random mating, and no natural selection.",hardy-weinberg theorem
What broad group of living things serves as the major producers in terrestrial biomes?,"Plants are the major producers in terrestrial biomes. They have five basic needs: air, warmth, sunlight, water, and nutrients. How well these needs are met in a given location depends on the growing season and soil quality, both of which are determined mainly by climate.",plants
Motor vehicles account for almost half of the consumption of what?,"Motor vehicles account for almost half of fossil fuel use. Most vehicles run on gasoline, which comes from petroleum.",fossil fuel
Most fungi reproduce asexually by producing what?,Almost all fungi reproduce asexually by producing spores. A fungi spore is a haploid cell produced by mitosis from a haploid parent cell. It is genetically identical to the parent cell. Fungi spores can develop into new haploid individuals without being fertilized.,spores
The process of moving from areas of high amounts to areas of low amounts is called what?,They will all blend together. The dyes will move through the water until an even distribution is achieved. The process of moving from areas of high amounts to areas of low amounts is called diffusion.,diffusion
The acidity of a solution is typically assessed experimentally by measurement of its what?,"The acidity of a solution is typically assessed experimentally by measurement of its pH. The pOH of a solution is not usually measured, as it is easily calculated from an experimentally determined pH value. The pH of a solution can be directly measured using a pH meter (Figure 14.4).",ph
What is the smallest part of a compound?,A compound is a substance that consists of two or more elements. A compound has a unique composition that is always the same. The smallest particle of a compound is called a molecule.,molecule
What rod provides stiffness to counterbalance the pull of muscles?,The notochord lies between the dorsal nerve cord and the digestive tract. It provides stiffness to counterbalance the pull of muscles.,notochord
"What is a mixture of eroded rock, minerals, partly decomposed organic matter, and other materials called?","Soil is a mixture of eroded rock, minerals, partly decomposed organic matter, and other materials. It is essential for plant growth, so it is the foundation of terrestrial ecosystems. Soil is important for other reasons as well. For example, it removes toxins from water and breaks down wastes.",soil
Pieces of the cell break off and form a new cell in what type of reproduction that produces genetically identical organisms?,"Like bacteria, reproduction in archaea is asexual. Archaea can reproduce through binary fission , where a parent cell divides into two genetically identical daughter cells. Archaea can also reproduce asexually through budding and fragmentation, where pieces of the cell break off and form a new cell, also producing genetically identical organisms.",fragmentation
How many pairs of legs do arachnids have?,"Arachnids have four pairs of legs, specialized appendages, and a fused head and thorax.",4
What happens when a sperm and an egg cell combine?,Sexual reproduction happens when a sperm and an egg cell combine together. This is called fertilization . Sperm are released into the vagina during sexual intercourse. They “swim” through the uterus and enter a fallopian tube . This is where fertilization normally takes place.,fertilization
Red litmus paper turns what color when placed in a basic solution?,Red litmus paper turns blue when placed in a basic solution.,blue
What travels 9.5 trillion kilometers a year?,"the distance light can travel in one year, 9.5 trillion kilometers.",light
Atherosclerosis and coronary heart disease are examples of what type of body system disease?,"Diseases of the cardiovascular system are common and may be life threatening. Examples include atherosclerosis and coronary heart disease. A healthy lifestyle can reduce the risk of such diseases developing. This includes avoiding smoking, getting regular physical activity, and maintaining a healthy percent of body fat.",cardiovascular system
"During cellular respiration, carbons from the glucose molecule are changed back into what gas?","In biological systems, matter is continuously changing states as well. For example, carbon in the form of the gas carbon dioxide is changed into glucose, a solid. This change, of course, occurs during photosynthesis. During cellular respiration, carbons from the glucose molecule are changed back into the carbon dioxide gas.",carbon dioxide
Dolphins are what type of animal?,Dolphins are mammals that have adapted to swimming and reproducing in water.,mammal
What are the active transport mechanisms by which molecules enter and leave the cell inside vesicles?,Endocytosis and exocytosis are active transport mechanisms in which large molecules enter and leave the cell inside vesicles.,endocytosis and exocytosis
"Limestone is insoluble in water, so what can dissolve it?",An element is a substance that cannot be broken down into chemically simpler components. Compounds can be broken down into simpler substances.,acid
"Rather than being dead, dry, and brittle, what support structures of the human body consist of living tissues and are supplied with blood and nerves?","Some people think bones are like chalk: dead, dry, and brittle. In reality, bones are very much alive. They consist of living tissues and are supplied with blood and nerves.",bones
What is the term for the force that a magnet exerts on certain materials?,"The force that a magnet exerts on certain materials is called magnetic force . Like electric force, magnetic force is exerted over a distance and includes forces of attraction and repulsion. North and south poles of two magnets attract each other, while two north poles or two south poles repel each other.",magnetic force
Humans create different breeds of organisms using what kind of selection?,"Artificial Selection: Humans used artificial selection to create these different breeds. Both dog breeds are descended from the same wolves, and their genes are almost identical.",artificial selection
The strength of a base depends on the concentration of _______ it produces when dissolved in water?,"The strength of a base depends on the concentration of hydroxide ions it produces when dissolved in water. For example, sodium hydroxide completely breaks down into ions in water, so it is a strong base. However, only a fraction of ammonia breaks down into ions, so it is a weak base.",hydroxide ions
"While numerous elements can undergo fission, only a few can be used as fuels in what nuclear devices?","Numerous elements can undergo fission, but only a few can be used as fuels in a reactor. What aspect of nuclear fission allows a nuclear chain reaction to occur?.",reactors
Electronegativities are used to determine the polarity of covalent bonds. the polarity of a covalent bond can be judged by determining the difference of the electronegativities of what involved in the covalent bond?,"Electronegativities are used to determine the polarity of covalent bonds. The polarity of a covalent bond can be judged by determining the difference of the electronegativities of the two atoms involved in the covalent bond, as summarized in the following table: Electronegativity Difference.",two atoms
"Under the right conditions, what energy source can be used to eject electrons from a solid material?","Under the right conditions, light can be used to eject electrons from a solid material.",light
A mitotic spindle forms from the what?,"A mitotic spindle forms from the centrosomes. The nuclear envelope dissolves. Chromosomes attach to the mitotic spindle, which separates the chromosomes and elongates the cell.",centrosomes